日期,星期,時間,天主題,地點,主要景點,交通方式,票券/備忘,住宿,早上行程,中午行程,晚上行程,預約狀態,重要提醒
9/15,二,23:30,出發日,桃園國際機場,—,直飛巴黎航班,—,機上,提早3小時到機場報到,—,23:30 起飛・機上休息,—,攜帶護照/網卡/轉接頭
9/16,三,7:55,抵達・調整時差,巴黎戴高樂機場(CDG),塞納河畔・孚日廣場・瑪黑區,RER B線或機場接駁巴士,—,巴黎市區飯店,07:55 抵達・辦理入境・領行李,飯店寄行李・小酒館午餐,左岸或瑪黑區無壓力散步・早點休息調時差,—,機場→市區車程60-80分鐘
9/17,四,,博物館通票 Day 1,羅丹美術館・傷兵院・艾菲爾鐵塔・凱旋門,羅丹《思考者》・拿破崙墓・鐵塔・凱旋門觀景台,地鐵至Varenne站→傷兵院步行→地鐵8號→地鐵6號,博物館通票四天（開通日）,巴黎市區飯店,09:30 羅丹美術館→11:30 傷兵院,戰神廣場午餐・艾菲爾鐵塔各角度拍照,18:30-20:30 登凱旋門頂・香榭麗舍晚餐,需預約凱旋門時段,通票需在第一個景點開通・下午先拍鐵塔再上凱旋門
9/18,五,,博物館通票 Day 2,杜樂麗花園・協和廣場・羅浮宮,莫娜麗莎・勝利女神・維納斯,地鐵至Tuileries站→步行至羅浮宮,博物館通票（需預約14:00入場時段）,巴黎市區飯店,杜樂麗花園早午餐・協和廣場散步,14:00 羅浮宮深度參觀（避開早晨團客）,20:30出館拍金字塔夜景・宮廊附近晚餐,🔴需預約 ticketlouvre.fr,週五夜間延長至21:45・建議卡魯塞爾地下入口
9/19,六,,博物館通票 Day 3,西堤島・左岸・拉丁區,聖禮拜堂・古監獄・莎士比亞書店・聖母院・萬神殿,地鐵4號至Cité站→步行,博物館通票（需預約聖禮拜堂第一批）,巴黎市區飯店,09:30 聖禮拜堂第一批→古監獄10:45-12:00,左岸午餐・莎士比亞書店・聖母院14:35-16:00,16:30 萬神殿・拉丁區油封鴨晚餐,🔴聖禮拜堂需預約・聖母院App預約,聖母院重建後免費但需App預約時段・抵達後立刻搶9/19時段
9/20,日,,博物館通票 Day 4,奧塞美術館・海軍府・橘園・塞納河,梵谷・莫內・雷諾瓦真跡・睡蓮全景・塞納河日落,RER C至Musée d'Orsay站→步行→遊船碼頭,博物館通票（橘園需預約）,巴黎市區飯店,09:30 奧塞美術館至12:30,海軍府14:00→橘園16:00-17:30,19:15搭遊船賞日落與鐵塔點燈・慶祝晚餐,🔴橘園需預約 musee-orangerie.fr,遊船改在19:15登船才能看到19:35日落與20:00鐵塔閃燈
9/21,一,,還婚紗＋左岸早餐＋博物館通票開通,The Bride Paris・聖日耳曼左岸・西堤島・杜樂麗・瑪黑區,聖禮拜堂・古監獄・橘園美術館・Chez Janou,地鐵至Odéon→步行聖日耳曼→步行西堤島→地鐵1號線,博物館通票四天（開通日）,B&B HOTEL Paris Italie Porte de Choisy 3 étoiles（BB22426149）,08:30 The Bride Paris還婚紗→09:00左岸晨光咖啡早餐→11:00聖禮拜堂→12:00古監獄,13:00輕食→14:00橘園美術館（莫內睡蓮）→15:15協和廣場,16:00⭐Chez Janou已訂位（巨盆巧克力慕斯）→18:00瑪黑區漫步,🔴聖禮拜堂需預約11:00或11:30・橘園需預約14:00,08:30準時還婚紗・卸下重裝在左岸享用悠閒早餐再開始博物館行程
9/22,二,,奧塞＋聖母院＋先賢祠＋Polène左岸樂蓬馬歇,左岸・西堤島・拉丁區,奧塞美術館・巴黎聖母院・先賢祠・Polène樂蓬馬歇專櫃,地鐵與步行（10號線至Sèvres-Babylone）,博物館通票四天,B&B HOTEL Paris Italie Porte de Choisy 3 étoiles（BB22426149）,09:30奧塞美術館（印象派莫內雷諾瓦）→12:30拉丁區午餐,14:35巴黎聖母院參觀→16:30先賢祠,17:30⭐Polène左岸樂蓬馬歇專櫃（買包免大排隊・合併退稅）→拉丁區油封鴨晚餐,聖母院需App預約14:35,樂蓬馬歇專櫃可與百貨專櫃合併退稅・營業至19:45
9/23,三,,Polène香榭旗艦店＋羅浮宮深度遊＋金字塔夜景,香榭麗舍・協和廣場・羅浮宮,Polène香榭旗艦店・地下卡魯塞爾・羅浮宮（週三夜間至21:00）・玻璃金字塔夜景,地鐵1號線至Franklin D. Roosevelt,博物館通票四天,B&B HOTEL Paris Italie Porte de Choisy 3 étoiles（BB22426149）,10:00⭐Polène香榭旗艦店朝聖買包（開門第一批免排隊）→11:30地下卡魯塞爾商場（包包寄放免費置物櫃・輕食墊胃）,12:30⭐羅浮宮深度參觀（三寶路線：勝利女神・蒙娜麗莎・維納斯・拿破崙三世套房）,20:00出館拍攝科幻金光玻璃金字塔夜景→宮廊周邊晚餐,✅羅浮宮已預約12:30（C262540015444 / V260782031751）,香榭旗艦店上午開門人少・包包寄放羅浮宮地下置物櫃一身輕
9/24,四,,聖心堂・Pink Mamma・歌劇院夜間導覽・外帶早睡,蒙馬特・皮加勒・奧斯曼大道商圈,聖心堂俯瞰・Pink Mamma午餐・加尼葉歌劇院夜間閉館導覽,地鐵2/12/7號線,加尼葉歌劇院導覽門票（op07092026-932770962）,B&B HOTEL Paris Italie Porte de Choisy 3 étoiles（BB22426149）,09:30聖心堂俯瞰巴黎市景・愛牆漫步,12:00⭐Pink Mamma午餐（招牌松露麵）→13:45奧斯曼大道商圈百貨漫步,16:30集合・17:00⭐加尼葉歌劇院閉館夜間導覽→18:30外帶熟食回飯店早睡,歌劇院需提早30分抵達,嚴禁攜帶大行李進歌劇院・明日05:30起床趕06:48高鐵
9/25,五,6:48,高鐵→聖馬洛（海盜古城）,巴黎→雷恩→聖馬洛（Saint-Malo）,聖馬洛古城牆・翡翠海岸・國家碉堡,06:48 TGV高鐵(4WCP2R)→08:15雷恩→轉TER至聖馬洛,車票已買・TER票需另外在SNCF App購買,聖馬洛飯店,06:48出發→08:15到雷恩→轉TER,09:30抵聖馬洛・行李寄放・蕎麥鹹薄餅午餐・古城牆漫步,Kouign-amann下午茶・石造小酒館海鮮晚餐,TER票需另購,建議搭08:35或09:00的TER・抵達後登古城牆俯瞰翡翠海岸
9/26,六,,取車自駕→聖米歇爾山（夜訪孤島修道院）,聖馬洛→聖米歇爾山（Mont Saint-Michel）,聖米歇爾山夜景・修道院點燈・普拉嬤嬤烘蛋,聖馬洛取車自駕45-50分,自駕（聖馬洛車站或古城周邊取車）,聖米歇爾山對岸飯店,飯店早餐・海灘最後拍照・辦理取車,抵達後Check-in・接駁車進山,山內晚餐（普拉嬤嬤外帶窗口省錢）・山腳欣賞點燈修道院,—,潮汐滿潮07:45/20:02（係數87/92）・乾潮02:15/14:35
9/27,日,,聖米歇爾山全日（超大潮！）,聖米歇爾山全島,修道院內部・防衛城牆・海灣散步,接駁車往返,修道院需單獨購票（非PMP）,聖米歇爾山對岸飯店（續住）,09:00-09:30第一批進修道院,上山走城牆俯瞰海灣・觀察潮汐・島嶼散步,飯店周邊散步放鬆,🔴需預約 abbaye-mont-saint-michel.fr,超大潮！滿潮08:20/20:37（係數95/97）・海水淹沒橋樑・孤島景觀震撼！
9/28,一,,自駕→翁夫勒（老港海鮮盛宴）,聖米歇爾山→翁夫勒（Honfleur）,聖凱瑟琳教堂・老港夜景・生蠔・淡菜薯條,自駕1.5-2小時,—,B&B HOTEL Honfleur,退房・開車前往翁夫勒,老港停車・蕎麥鹹薄餅午餐・聖凱瑟琳全木造教堂,Check-in・19:35日落後賞燈火倒映夜景・巷弄小酒館生蠔晚餐,—,聖凱瑟琳屋頂像翻轉船底・老港最美時段約19:35後
9/29,二,,自駕→象鼻海岸→盧昂,翁夫勒→象鼻海岸（Étretat）→盧昂（Rouen）,諾曼第大橋・阿瓦爾懸崖・三座巨型海蝕門,自駕翁夫勒→諾曼第大橋→象鼻海岸(45-50分)→盧昂(1小時),—,盧昂飯店,退房・自駕・10分鐘駛上諾曼第大橋,象鼻海岸懸崖健行・近距離觀賞三座海蝕門,開車前往盧昂・飯店Check-in,—,海崖風大建議帶防風外套・象鼻海岸免費不需預約
9/30,三,,盧昂全日深度遊（世紀古都）,盧昂（Rouen）全日,聖母大教堂・大時鐘・聖女貞德教堂・La Couronne,步行市區,—,盧昂飯店（續住）,聖母大教堂・金色天橋大時鐘,聖女貞德殉難地與教堂,La Couronne全法最古老小酒館（1345年）晚餐,🟡 La Couronne需提前訂位,Julia Child愛上法式料理的啟蒙之地・建議19:00訂位
10/1,四,,盧昂→莫內之家→回巴黎（還車）,盧昂→吉維尼（Giverny）→巴黎,莫內睡蓮池・日本橋・莫內花園,自駕盧昂→吉維尼50分→巴黎1.5小時→還車,第一批09:30入場・需提前預約,巴黎飯店,09:30第一批入場莫內之家（睡蓮池無人最美）,參觀花園後開車回巴黎・辦理還車,巴黎飯店Check-in・重回花都懷抱,🔴需預約 fondation-monet.com,10月仍在開放期（4-11月）・異地還車需確認費用
10/2,五,,凡爾賽宮（皇家奢華）,巴黎→凡爾賽宮（Château de Versailles）,鏡廳・國王寢宮・皇家花園・大運河,RER C至Versailles Château-Rive Gauche站（35-40分）,個別購票€21・需預約入場時段,巴黎飯店,早出發・RER C前往凡爾賽,一開門衝鏡廳（人最少時拍最美空景）・國王寢宮,皇家花園漫步・搭小火車或高爾夫車遊大運河・返巴黎,🔴需預約 chateauversailles.fr,一開門直接衝鏡廳！遲到拒絕入場！Navigo週卡可免費乘RER C
10/3,六,,楓丹白露宮（森林皇宮）,巴黎→楓丹白露（Fontainebleau）,楓丹白露宮・巴比松畫家村,Paris Gare de Lyon搭Transilien R線→Fontainebleau-Avon站(40分)→公車Ligne 1至宮殿,個別購票€14,巴黎飯店,搭火車前往楓丹白露,楓丹白露宮參觀,返巴黎・自由安排晚餐,—,Navigo週卡可免費乘Transilien R・可順道遊巴比松小鎮
10/4,日,,巴黎自由行,巴黎,自由安排・市集・Picard冷凍食品,—,—,巴黎飯店,自由起床・輕鬆早餐,逛市集或市區散步,自由晚餐,—,可去Marché d'Aligre週末市集・採購Picard伴手禮
10/5,一,,巴黎整理回程,巴黎,退稅單整理・最後採購・行李確認,—,—,巴黎飯店,確認行李重量・清點退稅單據,最後美食饗宴,精緻告別晚餐・打包完成,—,整理PABLO退稅機所需資料・確認明日出發時間
10/6,二,11:20,返台啟程,巴黎戴高樂機場（CDG）,—,前往機場（提前4小時）,—,機上,提前4小時前往機場・PABLO退稅機掃碼,通關安檢,11:20 起飛返台,—,退稅流程：先掃PABLO機（綠燈投信箱・紅燈找海關蓋章）・記得先辦退稅再託運行李！
10/7,三,6:40,平安返台,桃園國際機場,—,—,—,家,06:40 抵達桃園,—,旅途結束・帶著滿滿的回憶回家！,—,—