日期,時間,重點,行程交通,預約狀態,備註,,,,,
【初見巴黎滿滿博物館】9/15–9/20,,,,,,,,,,
9/15 (二) 出發日,整天,出發前準備,桃園國際機場,⬜免費,護照/網卡/轉接頭/轉帳卡確認,,,,,
9/15 (二) ,23:30,起飛！搭直飛航班前往巴黎（約13小時）,直飛班機,⬜免費,機上充分休息・備好頸枕眼罩,,,,,
,,,,,,,,,,
9/16 (三) 抵達調時差,7:55,抵達巴黎戴高樂機場 CDG,RER B線或機場接駁巴士→市區（60-80分鐘）,⬜免費,通關+領行李約1.5小時・Navigo或Navigo Easy搭機場RER,,,,,
9/16 (三) ,中午,飯店寄行李・享用巴黎第一餐,步行至附近小酒館 Bistrot,⬜免費,庫克太太三明治 or 法式洋蔥湯,,,,,
9/16 (三) ,傍晚,左岸/瑪黑區無壓力散步調時差,步行・塞納河畔・孚日廣場,⬜免費,買個小天使冰淇淋・晚餐後早點回飯店,,,,,
,,,,,,,,,,
9/17 (四) 博物館通票 Day 1,9:30,（33）聖禮拜堂 Sainte-Chapelle・極致彩繪玻璃,地鐵4號→Cité站步行,已預約 paris-sainte-chapelle.fr,第一批晨光穿透彩窗最震撼！PMP可用,,,,,
9/17 (四) ,10:45,（6）古監獄 Conciergerie・瑪麗王后囚禁地,步行2分鐘,✅博物館通票,10:45-12:00,,,,,
9/17 (四) ,12:30,左岸午餐・莎士比亞書店 Shakespeare & Co. ,跨塞納河步行,,13:30-14:30 逛書店,,,,,
9/17 (四) ,14:35,（34）巴黎聖母院內部參觀 (註：清單 34 號原為聖母院鐘樓/塔樓 Tours de Notre-Dame),步行3分鐘,已預約（Notre-Dame de Paris App）,⚠️重建後免費但需提前1-2天在App搶時段・抵達法國後立刻搶9/19時段！,,,,,
9/17 (四) ,16:30,（31）萬神殿 Panthéon・居里夫人・雨果・伏爾泰墓 ( Panthéon 亦常譯為先賢祠),沿聖米歇爾大道步行15分鐘,✅博物館通票,16:30-18:30・宏偉穹頂令人嘆為觀止,,,,,
,晚餐,拉丁區巷弄・傳統法式油封鴨晚餐 ,步行拉丁區,,高CP值・巷弄餐廳避開觀光客,,,,,
,,,,,,,,,,
,,,,,,,,,,
9/18 (五) 博物館通票 Day 2,9:00,（22）羅浮宮深度參觀（勝利女神→蒙娜麗莎→維納斯三寶路線）,地鐵1號→Tuileries站,,坐綠色鐵椅曬太陽,,,,,
9/18 (五) ,14:00,飯店早餐＋羅浮宮午餐,步行10-15分鐘 / 卡魯塞爾地下入口,已預約 ticketlouvre.fr,羅浮宮帳號密碼已經存在密碼APP,/Users/chang/Desktop/2026 旅行/法國APP/data,,,,
9/18 (五) ,20:30,金字塔夜景（科幻金光）・宮廊 Palais Royal 附近晚餐,步行至金字塔廣場,,點燈後玻璃金字塔最美,,,,,
,,,,,,,,,,
9/19 (六) 博物館通票 Day 3,9:30,（30）羅丹美術館《思考者》與玫瑰花園,地鐵13號線→Varenne站步行,✅博物館通票開通日,09:30-11:30・通票在此景點開通使用,,,,,
9/19 (六) ,11:35,（13）傷兵院・金頂教堂・拿破崙地下陵寢,步行5分鐘即達,✅博物館通票,11:35-13:00,,,,1,Arc de Triomphe - 凱旋門
9/19 (六) ,午後,　,地鐵8號線→École Militaire站,,夏樂宮仰角最美・戰神廣場正面全景,,,,2,Centre Pompidou | Musée national d'art moderne - 龐畢度中心 | 國家現代藝術博物館 (備註：閉館整修至 2030 年)
9/19 (六) ,18:30,（1）登凱旋門頂樓觀景台（俯瞰12條放射大道+鐵塔點燈）,地鐵6號線→Charles de Gaulle-Étoile站,持通票免預約可以直接上去,18:30-20:30・鐵塔20:00開始閃燈,,,,3,Chapelle expiatoire - 贖罪禮拜堂
9/19 (六) ,20:30後,香榭麗舍大道晚餐,步行至大道餐廳,,,,,,4,Cité de l'architecture & du patrimoine - 建築與遺產城（建築遺產博物館）
9/19 (六) ,,,,,,,,,5,Cité des sciences et de l'industrie - 科學與工業城
,,,,,,,,,6,Conciergerie - 巴黎古監獄
9/20 (日) 博物館通票 Day 4,9:30,（11）奧塞美術館（梵谷・莫內・雷諾瓦・米勒《拾穗》真跡）,RER C→Musée d'Orsay站,✅博物館通票,09:30-12:30・直奔五樓精華・拍舊時鐘透視背景網美景,,,,7,Crypte archéologique de l'Île de la Cité - 西堤島地下考古遺址（聖母院地下考古遺址）
9/20 (日) ,14:00,（8）海軍府 Musée de la Marine（2023翻新・奢華展覽）,步行15分鐘穿過協和廣場,✅博物館通票（2023重開後仍涵蓋）,14:00-15:30,,,,8,Hôtel de la Marine - 海軍府
9/20 (日) ,16:00,（15）橘園美術館 Orangerie・莫內巨幅睡蓮全景沉浸,步行5分鐘至杜樂麗花園對面,🔴需預約 musee-orangerie.fr,PMP可用但仍需線上預約入場時段・沉浸360度睡蓮,,,,9,La Cinémathèque française | Musée Méliès - 法國電影園地 | 梅里葉博物館
9/20 (日) ,19:15,塞納河遊船（賞19:35日落+20:00鐵塔閃燈）,步行20分或地鐵→阿爾瑪橋碼頭 Pont de l'Alma,單獨購票,19:15登船・在河上目睹20:00鐵塔首次閃燈,,,,10,Musée d'art et d'histoire du Judaïsme - 猶太歷史與藝術博物館
9/20 (日) ,21:00後,慶祝通票圓滿完成・精緻晚餐,步行,⬜免費,,,,,11,Musée d'Orsay - 奧塞美術館
,,,,,,,,,12,Musée de Cluny _ Musée du Moyen Âge - 克呂尼博物館（國立中世紀博物館）
,,,,,,,,,13,Musée de l'Armée _ Tombeau de Napoléon - 軍事博物館 _ 拿破崙陵墓（傷兵院）
,,,,,,,,,14,Musée de l'Institut du monde arabe - 阿拉伯世界研究所博物館
,,,,,,,,,15,Musée de l'Orangerie - 橘園美術館
,,,,,,,,,16,Musée de l'Ordre de la Libération - 解放勳章博物館（傷兵院內）
有用圖文,https://www.bring-you.info/zh-tw/paris-museum-pass,,,,,,,,17,Musée national de la Marine - 國家海軍博物館 (備註：全新開幕)
,,,,,,,,,18,Musée des Arts asiatiques_Guimet - 吉美亞洲藝術博物館
,第一天和第三天對換,,,,,,,,19,Musée des Arts décoratifs - 裝飾藝術博物館
,,,,,,,,,20,Musée des arts et métiers - 工藝美術博物館
,,,,,,,,,21,Musée des Plans-reliefs - 立體地圖模型博物館（傷兵院內）
,,,,,,,,,22,Musée du Louvre - 羅浮宮
,,,,,,,,,23,Musée du quai Branly - 凱布朗利博物館（非歐洲藝術博物館）
,,,,,,,,,24,Musée Eugène-Delacroix - 德拉克洛瓦國立博物館
,,,,,,,,,25,Musée Gustave Moreau - 居斯塔夫·莫羅美術館
,,,,,,,,,26,Musée Jean-Jacques Henner - 讓-雅克·亨納國立博物館
,,,,,,,,,27,Musée de l'history de l'immigration - 移民歷史博物館
,,,,,,,,,28,Musée Nissim de Camondo - 尼辛德卡蒙多博物館 (備註：閉館整修至 2027 年)
,,,,,,,,,29,Musée Picasso-Paris - 畢卡索美術館
,,,,,,,,,30,Musée Rodin-Paris - 羅丹美術館（巴黎館）
,,,,,,,,,31,Panthéon - 先賢祠
,,,,,,,,,32,Philharmonie de Paris | Musée de la musique - 巴黎愛樂廳 | 音樂博物館
,,,,,,,,,33,Sainte-Chapelle - 聖禮拜堂
,,,,,,,,,34,Tours de Notre-Dame - 巴黎聖母院鐘樓
,,,,,,,,,35,Basilique cathédrale Saint-Denis - 聖丹尼聖殿主教座堂
,,,,,,,,,36,Château de Champs-sur-Marne - 馬恩河畔香榭城堡
,,,,,,,,,37,Château de Chantilly - 尚蒂伊城堡
,,,,,,,,,38,Château de Compiègne - 貢比涅城堡
,,,,,,,,,39,Château de Fontainebleau - 楓丹白露宮 / 城堡
,,,,,,,,,40,Château de Maisons - 梅松城堡
,,,,,,,,,41,Château de Pierrefonds - 皮耶楓城堡
,,,,,,,,,42,Château de Rambouillet - 朗布依埃城堡
,,,,,,,,,43,Château de Vincennes - 文森城堡
,,,,,,,,,44,Châteaux de Versailles et de Trianon - 凡爾賽宮與特里亞農宮
,,,,,,,,,45,Cité internationale de la langue française | Château de Villers-Cotterêts - 國際法語城 | 維萊科特雷城堡
,,,,,,,,,46,Domaine de Chaalis - 沙利修道院領地
,,,,,,,,,47,Musée d'Archéologie nationale - 國家考古博物館
,,,,,,,,,48,Musée de l'Air et de l'Espace - 航空太空博物館
,,,,,,,,,49,Musée de la Renaissance | Château d'Écouen - 文藝復興國家博物館 | 埃庫昂城堡
,,,,,,,,,50,Musée de Port-Royal des Champs - 皇家港田野博物館
,,,,,,,,,51,Musée du château de Malmaison - 馬爾梅松城堡博物館
,,,,,,,,,52,Musée franco-américain du château de Blérancourt - 布萊朗庫爾城堡法美博物館
,,,,,,,,,53,Musée Rodin-Meudon - 羅丹美術館（默東分館）
,,,,,,,,,54,Sèvres | Manufacture et Musée - 塞夫爾陶瓷製造廠與博物館
,,,,,,,,,55,Villa Savoye - 薩伏伊別墅